	MOL_ID	MOL_INDEX
0	MOL000002	0
1	MOL000004	1
2	MOL000006	2
3	MOL000007	3
4	MOL000008	4
5	MOL000009	5
6	MOL000011	6
7	MOL000012	7
8	MOL000018	8
9	MOL000019	9
10	MOL000022	10
11	MOL000023	11
12	MOL000024	12
13	MOL000025	13
14	MOL000027	14
15	MOL000029	15
16	MOL000030	16
17	MOL000031	17
18	MOL000032	18
19	MOL000034	19
20	MOL000035	20
21	MOL000036	21
22	MOL000037	22
23	MOL000038	23
24	MOL000039	24
25	MOL000040	25
26	MOL000041	26
27	MOL000042	27
28	MOL000043	28
29	MOL000044	29
30	MOL000045	30
31	MOL000046	31
32	MOL000047	32
33	MOL000048	33
34	MOL000049	34
35	MOL000050	35
36	MOL000052	36
37	MOL000054	37
38	MOL000056	38
39	MOL000057	39
40	MOL000058	40
41	MOL000060	41
42	MOL000061	42
43	MOL000064	43
44	MOL000065	44
45	MOL000066	45
46	MOL000067	46
47	MOL000068	47
48	MOL000069	48
49	MOL000071	49
50	MOL000072	50
51	MOL000073	51
52	MOL000098	52
53	MOL000100	53
54	MOL000105	54
55	MOL000112	55
56	MOL000114	56
57	MOL000116	57
58	MOL000118	58
59	MOL000119	59
60	MOL000122	60
61	MOL000125	61
62	MOL000126	62
63	MOL000128	63
64	MOL000130	64
65	MOL000131	65
66	MOL000135	66
67	MOL000141	67
68	MOL000162	68
69	MOL000165	69
70	MOL000166	70
71	MOL000168	71
72	MOL000169	72
73	MOL000170	73
74	MOL000171	74
75	MOL000173	75
76	MOL000175	76
77	MOL000178	77
78	MOL000180	78
79	MOL000188	79
80	MOL000190	80
81	MOL000193	81
82	MOL000194	82
83	MOL000196	83
84	MOL000198	84
85	MOL000199	85
86	MOL000200	86
87	MOL000202	87
88	MOL000203	88
89	MOL000204	89
90	MOL000205	90
91	MOL000206	91
92	MOL000207	92
93	MOL000208	93
94	MOL000210	94
95	MOL000217	95
96	MOL000219	96
97	MOL000223	97
98	MOL000228	98
99	MOL000232	99
100	MOL000233	100
101	MOL000234	101
102	MOL000239	102
103	MOL000244	103
104	MOL000246	104
105	MOL000247	105
106	MOL000249	106
107	MOL000251	107
108	MOL000252	108
109	MOL000254	109
110	MOL000257	110
111	MOL000259	111
112	MOL000261	112
113	MOL000264	113
114	MOL000266	114
115	MOL000267	115
116	MOL000268	116
117	MOL000269	117
118	MOL000270	118
119	MOL000271	119
120	MOL000284	120
121	MOL000286	121
122	MOL000295	122
123	MOL000296	123
124	MOL000301	124
125	MOL000302	125
126	MOL000304	126
127	MOL000305	127
128	MOL000325	128
129	MOL000339	129
130	MOL000340	130
131	MOL000346	131
132	MOL000347	132
133	MOL000348	133
134	MOL000351	134
135	MOL000354	135
136	MOL000357	136
137	MOL000358	137
138	MOL000360	138
139	MOL000365	139
140	MOL000371	140
141	MOL000378	141
142	MOL000379	142
143	MOL000380	143
144	MOL000381	144
145	MOL000387	145
146	MOL000388	146
147	MOL000389	147
148	MOL000390	148
149	MOL000391	149
150	MOL000392	150
151	MOL000396	151
152	MOL000397	152
153	MOL000399	153
154	MOL000400	154
155	MOL000411	155
156	MOL000412	156
157	MOL000414	157
158	MOL000416	158
159	MOL000417	159
160	MOL000418	160
161	MOL000421	161
162	MOL000422	162
163	MOL000424	163
164	MOL000429	164
165	MOL000430	165
166	MOL000431	166
167	MOL000432	167
168	MOL000433	168
169	MOL000436	169
170	MOL000442	170
171	MOL000443	171
172	MOL000449	172
173	MOL000456	173
174	MOL000460	174
175	MOL000471	175
176	MOL000472	176
177	MOL000473	177
178	MOL000474	178
179	MOL000475	179
180	MOL000476	180
181	MOL000477	181
182	MOL000478	182
183	MOL000479	183
184	MOL000481	184
185	MOL000483	185
186	MOL000485	186
187	MOL000489	187
188	MOL000490	188
189	MOL000492	189
190	MOL000493	190
191	MOL000499	191
192	MOL000511	192
193	MOL000513	193
194	MOL000519	194
195	MOL000520	195
196	MOL000522	196
197	MOL000523	197
198	MOL000525	198
199	MOL000537	199
200	MOL000546	200
201	MOL000552	201
202	MOL000561	202
203	MOL000569	203
204	MOL000570	204
205	MOL000597	205
206	MOL000601	206
207	MOL000602	207
208	MOL000608	208
209	MOL000611	209
210	MOL000612	210
211	MOL000613	211
212	MOL000614	212
213	MOL000615	213
214	MOL000631	214
215	MOL000635	215
216	MOL000645	216
217	MOL000648	217
218	MOL000649	218
219	MOL000650	219
220	MOL000652	220
221	MOL000655	221
222	MOL000657	222
223	MOL000669	223
224	MOL000671	224
225	MOL000675	225
226	MOL000676	226
227	MOL000677	227
228	MOL000695	228
229	MOL000696	229
230	MOL000697	230
231	MOL000698	231
232	MOL000701	232
233	MOL000702	233
234	MOL000715	234
235	MOL000717	235
236	MOL000719	236
237	MOL000720	237
238	MOL000723	238
239	MOL000724	239
240	MOL000728	240
241	MOL000729	241
242	MOL000731	242
243	MOL000735	243
244	MOL000737	244
245	MOL000738	245
246	MOL000740	246
247	MOL000741	247
248	MOL000748	248
249	MOL000749	249
250	MOL000765	250
251	MOL000771	251
252	MOL000775	252
253	MOL000778	253
254	MOL000779	254
255	MOL000785	255
256	MOL000786	256
257	MOL000787	257
258	MOL000789	258
259	MOL000790	259
260	MOL000791	260
261	MOL000792	261
262	MOL000793	262
263	MOL000813	263
264	MOL000814	264
265	MOL000824	265
266	MOL000827	266
267	MOL000834	267
268	MOL000835	268
269	MOL000836	269
270	MOL000837	270
271	MOL000840	271
272	MOL000843	272
273	MOL000846	273
274	MOL000857	274
275	MOL000860	275
276	MOL000870	276
277	MOL000874	277
278	MOL000875	278
279	MOL000878	279
280	MOL000879	280
281	MOL000882	281
282	MOL000889	282
283	MOL000890	283
284	MOL000892	284
285	MOL000893	285
286	MOL000895	286
287	MOL000896	287
288	MOL000897	288
289	MOL000899	289
290	MOL000900	290
291	MOL000901	291
292	MOL000902	292
293	MOL000904	293
294	MOL000905	294
295	MOL000908	295
296	MOL000909	296
297	MOL000910	297
298	MOL000911	298
299	MOL000914	299
300	MOL000916	300
301	MOL000917	301
302	MOL000920	302
303	MOL000922	303
304	MOL000923	304
305	MOL000924	305
306	MOL000926	306
307	MOL000935	307
308	MOL000936	308
309	MOL000937	309
310	MOL000938	310
311	MOL000939	311
312	MOL000941	312
313	MOL000942	313
314	MOL000944	314
315	MOL000957	315
316	MOL000968	316
317	MOL000971	317
318	MOL000975	318
319	MOL000977	319
320	MOL000978	320
321	MOL000981	321
322	MOL000982	322
323	MOL000986	323
324	MOL000988	324
325	MOL000990	325
326	MOL000991	326
327	MOL000996	327
328	MOL000998	328
329	MOL001001	329
330	MOL001004	330
331	MOL001012	331
332	MOL001015	332
333	MOL001026	333
334	MOL001033	334
335	MOL001040	335
336	MOL001047	336
337	MOL001052	337
338	MOL001055	338
339	MOL001057	339
340	MOL001058	340
341	MOL001061	341
342	MOL001062	342
343	MOL001063	343
344	MOL001086	344
345	MOL001091	345
346	MOL001094	346
347	MOL001095	347
348	MOL001099	348
349	MOL001103	349
350	MOL001106	350
351	MOL001107	351
352	MOL001109	352
353	MOL001113	353
354	MOL001114	354
355	MOL001115	355
356	MOL001116	356
357	MOL001117	357
358	MOL001118	358
359	MOL001120	359
360	MOL001121	360
361	MOL001123	361
362	MOL001125	362
363	MOL001126	363
364	MOL001127	364
365	MOL001128	365
366	MOL001129	366
367	MOL001130	367
368	MOL001131	368
369	MOL001132	369
370	MOL001136	370
371	MOL001138	371
372	MOL001140	372
373	MOL001141	373
374	MOL001142	374
375	MOL001150	375
376	MOL001156	376
377	MOL001157	377
378	MOL001158	378
379	MOL001159	379
380	MOL001160	380
381	MOL001161	381
382	MOL001162	382
383	MOL001166	383
384	MOL001167	384
385	MOL001168	385
386	MOL001172	386
387	MOL001173	387
388	MOL001174	388
389	MOL001175	389
390	MOL001176	390
391	MOL001178	391
392	MOL001179	392
393	MOL001180	393
394	MOL001182	394
395	MOL001184	395
396	MOL001188	396
397	MOL001192	397
398	MOL001193	398
399	MOL001197	399
400	MOL001199	400
401	MOL001201	401
402	MOL001202	402
403	MOL001210	403
404	MOL001214	404
405	MOL001215	405
406	MOL001217	406
407	MOL001222	407
408	MOL001226	408
409	MOL001227	409
410	MOL001228	410
411	MOL001229	411
412	MOL001232	412
413	MOL001238	413
414	MOL001239	414
415	MOL001241	415
416	MOL001243	416
417	MOL001244	417
418	MOL001245	418
419	MOL001247	419
420	MOL001250	420
421	MOL001251	421
422	MOL001252	422
423	MOL001253	423
424	MOL001254	424
425	MOL001255	425
426	MOL001256	426
427	MOL001257	427
428	MOL001260	428
429	MOL001266	429
430	MOL001273	430
431	MOL001274	431
432	MOL001279	432
433	MOL001282	433
434	MOL001283	434
435	MOL001286	435
436	MOL001290	436
437	MOL001291	437
438	MOL001296	438
439	MOL001306	439
440	MOL001308	440
441	MOL001309	441
442	MOL001312	442
443	MOL001315	443
444	MOL001320	444
445	MOL001321	445
446	MOL001323	446
447	MOL001327	447
448	MOL001328	448
449	MOL001329	449
450	MOL001330	450
451	MOL001332	451
452	MOL001335	452
453	MOL001338	453
454	MOL001340	454
455	MOL001345	455
456	MOL001351	456
457	MOL001352	457
458	MOL001353	458
459	MOL001355	459
460	MOL001358	460
461	MOL001359	461
462	MOL001361	462
463	MOL001362	463
464	MOL001363	464
465	MOL001366	465
466	MOL001368	466
467	MOL001369	467
468	MOL001370	468
469	MOL001372	469
470	MOL001373	470
471	MOL001386	471
472	MOL001387	472
473	MOL001388	473
474	MOL001390	474
475	MOL001393	475
476	MOL001396	476
477	MOL001398	477
478	MOL001401	478
479	MOL001402	479
480	MOL001406	480
481	MOL001439	481
482	MOL001442	482
483	MOL001444	483
484	MOL001452	484
485	MOL001454	485
486	MOL001456	486
487	MOL001457	487
488	MOL001458	488
489	MOL001460	489
490	MOL001461	490
491	MOL001463	491
492	MOL001468	492
493	MOL001474	493
494	MOL001484	494
495	MOL001487	495
496	MOL001494	496
497	MOL001495	497
498	MOL001500	498
499	MOL001501	499
500	MOL001522	500
501	MOL001523	501
502	MOL001530	502
503	MOL001531	503
504	MOL001534	504
505	MOL001539	505
506	MOL001541	506
507	MOL001545	507
508	MOL001546	508
509	MOL001556	509
510	MOL001558	510
511	MOL001566	511
512	MOL001575	512
513	MOL001579	513
514	MOL001593	514
515	MOL001599	515
516	MOL001600	516
517	MOL001601	517
518	MOL001604	518
519	MOL001606	519
520	MOL001640	520
521	MOL001641	521
522	MOL001643	522
523	MOL001645	523
524	MOL001648	524
525	MOL001649	525
526	MOL001657	526
527	MOL001660	527
528	MOL001669	528
529	MOL001677	529
530	MOL001689	530
531	MOL001691	531
532	MOL001696	532
533	MOL001719	533
534	MOL001729	534
535	MOL001731	535
536	MOL001732	536
537	MOL001739	537
538	MOL001747	538
539	MOL001748	539
540	MOL001749	540
541	MOL001752	541
542	MOL001787	542
543	MOL001789	543
544	MOL001792	544
545	MOL001794	545
546	MOL001798	546
547	MOL001801	547
548	MOL001803	548
549	MOL001818	549
550	MOL001842	550
551	MOL001850	551
552	MOL001859	552
553	MOL001862	553
554	MOL001867	554
555	MOL001868	555
556	MOL001870	556
557	MOL001873	557
558	MOL001876	558
559	MOL001880	559
560	MOL001881	560
561	MOL001882	561
562	MOL001884	562
563	MOL001886	563
564	MOL001887	564
565	MOL001889	565
566	MOL001891	566
567	MOL001893	567
568	MOL001895	568
569	MOL001899	569
570	MOL001904	570
571	MOL001906	571
572	MOL001907	572
573	MOL001922	573
574	MOL001923	574
575	MOL001938	575
576	MOL001939	576
577	MOL001940	577
578	MOL001941	578
579	MOL001942	579
580	MOL001944	580
581	MOL001946	581
582	MOL001947	582
583	MOL001948	583
584	MOL001949	584
585	MOL001950	585
586	MOL001951	586
587	MOL001952	587
588	MOL001955	588
589	MOL001956	589
590	MOL001972	590
591	MOL001993	591
592	MOL001999	592
593	MOL002002	593
594	MOL002003	594
595	MOL002004	595
596	MOL002007	596
597	MOL002008	597
598	MOL002025	598
599	MOL002028	599
600	MOL002029	600
601	MOL002033	601
602	MOL002036	602
603	MOL002038	603
604	MOL002040	604
605	MOL002042	605
606	MOL002049	606
607	MOL002050	607
608	MOL002052	608
609	MOL002055	609
610	MOL002056	610
611	MOL002058	611
612	MOL002083	612
613	MOL002085	613
614	MOL002086	614
615	MOL002087	615
616	MOL002091	616
617	MOL002095	617
618	MOL002096	618
619	MOL002098	619
620	MOL002099	620
621	MOL002107	621
622	MOL002109	622
623	MOL002111	623
624	MOL002112	624
625	MOL002116	625
626	MOL002117	626
627	MOL002119	627
628	MOL002120	628
629	MOL002121	629
630	MOL002122	630
631	MOL002123	631
632	MOL002124	632
633	MOL002125	633
634	MOL002126	634
635	MOL002127	635
636	MOL002128	636
637	MOL002130	637
638	MOL002133	638
639	MOL002134	639
640	MOL002135	640
641	MOL002136	641
642	MOL002138	642
643	MOL002140	643
644	MOL002141	644
645	MOL002142	645
646	MOL002143	646
647	MOL002144	647
648	MOL002145	648
649	MOL002146	649
650	MOL002150	650
651	MOL002152	651
652	MOL002153	652
653	MOL002156	653
654	MOL002157	654
655	MOL002160	655
656	MOL002161	656
657	MOL002165	657
658	MOL002166	658
659	MOL002170	659
660	MOL002174	660
661	MOL002177	661
662	MOL002178	662
663	MOL002181	663
664	MOL002184	664
665	MOL002185	665
666	MOL002186	666
667	MOL002189	667
668	MOL002190	668
669	MOL002191	669
670	MOL002192	670
671	MOL002193	671
672	MOL002201	672
673	MOL002203	673
674	MOL002206	674
675	MOL002207	675
676	MOL002208	676
677	MOL002209	677
678	MOL002211	678
679	MOL002218	679
680	MOL002222	680
681	MOL002235	681
682	MOL002268	682
683	MOL002281	683
684	MOL002295	684
685	MOL002299	685
686	MOL002322	686
687	MOL002334	687
688	MOL002335	688
689	MOL002336	689
690	MOL002338	690
691	MOL002341	691
692	MOL002361	692
693	MOL002375	693
694	MOL002377	694
695	MOL002384	695
696	MOL002388	696
697	MOL002392	697
698	MOL002395	698
699	MOL002398	699
700	MOL002399	700
701	MOL002417	701
702	MOL002430	702
703	MOL002450	703
704	MOL002451	704
705	MOL002453	705
706	MOL002454	706
707	MOL002458	707
708	MOL002459	708
709	MOL002467	709
710	MOL002468	710
711	MOL002470	711
712	MOL002471	712
713	MOL002472	713
714	MOL002474	714
715	MOL002475	715
716	MOL002476	716
717	MOL002480	717
718	MOL002486	718
719	MOL002487	719
720	MOL002490	720
721	MOL002498	721
722	MOL002499	722
723	MOL002500	723
724	MOL002501	724
725	MOL002502	725
726	MOL002504	726
727	MOL002506	727
728	MOL002507	728
729	MOL002508	729
730	MOL002512	730
731	MOL002513	731
732	MOL002514	732
733	MOL002515	733
734	MOL002520	734
735	MOL002523	735
736	MOL002525	736
737	MOL002526	737
738	MOL002527	738
739	MOL002528	739
740	MOL002529	740
741	MOL002530	741
742	MOL002532	742
743	MOL002535	743
744	MOL002536	744
745	MOL002537	745
746	MOL002540	746
747	MOL002542	747
748	MOL002543	748
749	MOL002544	749
750	MOL002546	750
751	MOL002549	751
752	MOL002554	752
753	MOL002555	753
754	MOL002556	754
755	MOL002558	755
756	MOL002559	756
757	MOL002560	757
758	MOL002561	758
759	MOL002562	759
760	MOL002563	760
761	MOL002564	761
762	MOL002565	762
763	MOL002566	763
764	MOL002568	764
765	MOL002569	765
766	MOL002571	766
767	MOL002573	767
768	MOL002575	768
769	MOL002576	769
770	MOL002579	770
771	MOL002581	771
772	MOL002644	772
773	MOL002650	773
774	MOL002651	774
775	MOL002663	775
776	MOL002670	776
777	MOL002679	777
778	MOL002683	778
779	MOL002684	779
780	MOL002686	780
781	MOL002689	781
782	MOL002691	782
783	MOL002692	783
784	MOL002694	784
785	MOL002695	785
786	MOL002696	786
787	MOL002697	787
788	MOL002699	788
789	MOL002704	789
790	MOL002710	790
791	MOL002711	791
792	MOL002712	792
793	MOL002714	793
794	MOL002717	794
795	MOL002721	795
796	MOL002722	796
797	MOL002724	797
798	MOL002730	798
799	MOL002737	799
800	MOL002744	800
801	MOL002745	801
802	MOL002746	802
803	MOL002747	803
804	MOL002757	804
805	MOL002771	805
806	MOL002773	806
807	MOL002775	807
808	MOL002776	808
809	MOL002786	809
810	MOL002816	810
811	MOL002827	811
812	MOL002841	812
813	MOL002850	813
814	MOL002851	814
815	MOL002854	815
816	MOL002875	816
817	MOL002881	817
818	MOL002883	818
819	MOL002891	819
820	MOL002894	820
821	MOL002896	821
822	MOL002897	822
823	MOL002898	823
824	MOL002900	824
825	MOL002901	825
826	MOL002902	826
827	MOL002903	827
828	MOL002904	828
829	MOL002905	829
830	MOL002909	830
831	MOL002910	831
832	MOL002912	832
833	MOL002913	833
834	MOL002914	834
835	MOL002915	835
836	MOL002916	836
837	MOL002917	837
838	MOL002918	838
839	MOL002919	839
840	MOL002922	840
841	MOL002924	841
842	MOL002925	842
843	MOL002927	843
844	MOL002928	844
845	MOL002932	845
846	MOL002933	846
847	MOL002934	847
848	MOL002936	848
849	MOL002937	849
850	MOL002944	850
851	MOL002962	851
852	MOL002972	852
853	MOL002975	853
854	MOL003004	854
855	MOL003028	855
856	MOL003032	856
857	MOL003044	857
858	MOL003047	858
859	MOL003050	859
860	MOL003069	860
861	MOL003088	861
862	MOL003097	862
863	MOL003104	863
864	MOL003127	864
865	MOL003177	865
866	MOL003180	866
867	MOL003283	867
868	MOL003287	868
869	MOL003290	869
870	MOL003291	870
871	MOL003294	871
872	MOL003295	872
873	MOL003298	873
874	MOL003300	874
875	MOL003302	875
876	MOL003306	876
877	MOL003308	877
878	MOL003310	878
879	MOL003312	879
880	MOL003319	880
881	MOL003320	881
882	MOL003322	882
883	MOL003328	883
884	MOL003330	884
885	MOL003341	885
886	MOL003354	886
887	MOL003355	887
888	MOL003356	888
889	MOL003357	889
890	MOL003358	890
891	MOL003359	891
892	MOL003360	892
893	MOL003366	893
894	MOL003370	894
895	MOL003378	895
896	MOL003388	896
897	MOL003389	897
898	MOL003398	898
899	MOL003402	899
900	MOL003403	900
901	MOL003404	901
902	MOL003484	902
903	MOL003493	903
904	MOL003502	904
905	MOL003503	905
906	MOL003506	906
907	MOL003520	907
908	MOL003521	908
909	MOL003522	909
910	MOL003525	910
911	MOL003527	911
912	MOL003531	912
913	MOL003534	913
914	MOL003536	914
915	MOL003537	915
916	MOL003538	916
917	MOL003541	917
918	MOL003542	918
919	MOL003545	919
920	MOL003546	920
921	MOL003547	921
922	MOL003573	922
923	MOL003574	923
924	MOL003587	924
925	MOL003608	925
926	MOL003609	926
927	MOL003616	927
928	MOL003619	928
929	MOL003648	929
930	MOL003673	930
931	MOL003717	931
932	MOL003735	932
933	MOL003740	933
934	MOL003755	934
935	MOL003756	935
936	MOL003758	936
937	MOL003759	937
938	MOL003767	938
939	MOL003786	939
940	MOL003800	940
941	MOL003840	941
942	MOL003841	942
943	MOL003847	943
944	MOL003849	944
945	MOL003851	945
946	MOL003856	946
947	MOL003857	947
948	MOL003858	948
949	MOL003859	949
950	MOL003860	950
951	MOL003861	951
952	MOL003862	952
953	MOL003866	953
954	MOL003868	954
955	MOL003869	955
956	MOL003870	956
957	MOL003871	957
958	MOL003872	958
959	MOL003877	959
960	MOL003879	960
961	MOL003883	961
962	MOL003884	962
963	MOL003896	963
964	MOL003897	964
965	MOL003924	965
966	MOL003927	966
967	MOL003937	967
968	MOL003939	968
969	MOL003949	969
970	MOL003951	970
971	MOL003962	971
972	MOL003969	972
973	MOL003970	973
974	MOL003971	974
975	MOL003973	975
976	MOL003975	976
977	MOL003993	977
978	MOL004067	978
979	MOL004071	979
980	MOL004083	980
981	MOL004095	981
982	MOL004112	982
983	MOL004114	983
984	MOL004124	984
985	MOL004125	985
986	MOL004126	986
987	MOL004127	987
988	MOL004129	988
989	MOL004130	989
990	MOL004135	990
991	MOL004136	991
992	MOL004165	992
993	MOL004167	993
994	MOL004174	994
995	MOL004190	995
996	MOL004191	996
997	MOL004192	997
998	MOL004193	998
999	MOL004194	999
1000	MOL004195	1000
1001	MOL004196	1001
1002	MOL004197	1002
1003	MOL004198	1003
1004	MOL004199	1004
1005	MOL004200	1005
1006	MOL004201	1006
1007	MOL004202	1007
1008	MOL004203	1008
1009	MOL004204	1009
1010	MOL004205	1010
1011	MOL004206	1011
1012	MOL004207	1012
1013	MOL004208	1013
1014	MOL004209	1014
1015	MOL004210	1015
1016	MOL004211	1016
1017	MOL004214	1017
1018	MOL004215	1018
1019	MOL004216	1019
1020	MOL004217	1020
1021	MOL004218	1021
1022	MOL004220	1022
1023	MOL004221	1023
1024	MOL004222	1024
1025	MOL004223	1025
1026	MOL004224	1026
1027	MOL004225	1027
1028	MOL004226	1028
1029	MOL004228	1029
1030	MOL004229	1030
1031	MOL004230	1031
1032	MOL004231	1032
1033	MOL004232	1033
1034	MOL004233	1034
1035	MOL004234	1035
1036	MOL004235	1036
1037	MOL004284	1037
1038	MOL004328	1038
1039	MOL004362	1039
1040	MOL004364	1040
1041	MOL004365	1041
1042	MOL004367	1042
1043	MOL004368	1043
1044	MOL004369	1044
1045	MOL004370	1045
1046	MOL004371	1046
1047	MOL004372	1047
1048	MOL004373	1048
1049	MOL004375	1049
1050	MOL004376	1050
1051	MOL004380	1051
1052	MOL004381	1052
1053	MOL004382	1053
1054	MOL004383	1054
1055	MOL004384	1055
1056	MOL004385	1056
1057	MOL004386	1057
1058	MOL004388	1058
1059	MOL004390	1059
1060	MOL004391	1060
1061	MOL004393	1061
1062	MOL004395	1062
1063	MOL004396	1063
1064	MOL004397	1064
1065	MOL004398	1065
1066	MOL004400	1066
1067	MOL004401	1067
1068	MOL004402	1068
1069	MOL004403	1069
1070	MOL004405	1070
1071	MOL004407	1071
1072	MOL004410	1072
1073	MOL004411	1073
1074	MOL004413	1074
1075	MOL004414	1075
1076	MOL004418	1076
1077	MOL004419	1077
1078	MOL004420	1078
1079	MOL004421	1079
1080	MOL004422	1080
1081	MOL004424	1081
1082	MOL004426	1082
1083	MOL004427	1083
1084	MOL004429	1084
1085	MOL004430	1085
1086	MOL004432	1086
1087	MOL004433	1087
1088	MOL004434	1088
1089	MOL004443	1089
1090	MOL004446	1090
1091	MOL004447	1091
1092	MOL004454	1092
1093	MOL004456	1093
1094	MOL004457	1094
1095	MOL004461	1095
1096	MOL004470	1096
1097	MOL004480	1097
1098	MOL004493	1098
1099	MOL004497	1099
1100	MOL004503	1100
1101	MOL004517	1101
1102	MOL004525	1102
1103	MOL004527	1103
1104	MOL004561	1104
1105	MOL004573	1105
1106	MOL004576	1106
1107	MOL004580	1107
1108	MOL004589	1108
1109	MOL004598	1109
1110	MOL004599	1110
1111	MOL004602	1111
1112	MOL004608	1112
1113	MOL004609	1113
1114	MOL004610	1114
1115	MOL004613	1115
1116	MOL004617	1116
1117	MOL004619	1117
1118	MOL004623	1118
1119	MOL004624	1119
1120	MOL004629	1120
1121	MOL004631	1121
1122	MOL004647	1122
1123	MOL004650	1123
1124	MOL004653	1124
1125	MOL004656	1125
1126	MOL004657	1126
1127	MOL004658	1127
1128	MOL004665	1128
1129	MOL004666	1129
1130	MOL004667	1130
1131	MOL004668	1131
1132	MOL004671	1132
1133	MOL004675	1133
1134	MOL004677	1134
1135	MOL004678	1135
1136	MOL004679	1136
1137	MOL004680	1137
1138	MOL004682	1138
1139	MOL004683	1139
1140	MOL004688	1140
1141	MOL004705	1141
1142	MOL004706	1142
1143	MOL004707	1143
1144	MOL004708	1144
1145	MOL004709	1145
1146	MOL004710	1146
1147	MOL004713	1147
1148	MOL004715	1148
1149	MOL004716	1149
1150	MOL004717	1150
1151	MOL004720	1151
1152	MOL004721	1152
1153	MOL004722	1153
1154	MOL004723	1154
1155	MOL004725	1155
1156	MOL004727	1156
1157	MOL004728	1157
1158	MOL004729	1158
1159	MOL004739	1159
1160	MOL004746	1160
1161	MOL004753	1161
1162	MOL004754	1162
1163	MOL004755	1163
1164	MOL004760	1164
1165	MOL004763	1165
1166	MOL004767	1166
1167	MOL004769	1167
1168	MOL004774	1168
1169	MOL004777	1169
1170	MOL004778	1170
1171	MOL004779	1171
1172	MOL004780	1172
1173	MOL004786	1173
1174	MOL004788	1174
1175	MOL004792	1175
1176	MOL004793	1176
1177	MOL004794	1177
1178	MOL004798	1178
1179	MOL004832	1179
1180	MOL004881	1180
1181	MOL004912	1181
1182	MOL004925	1182
1183	MOL004941	1183
1184	MOL005021	1184
1185	MOL005030	1185
1186	MOL005093	1186
1187	MOL005094	1187
1188	MOL005100	1188
1189	MOL005125	1189
1190	MOL005147	1190
1191	MOL005151	1191
1192	MOL005160	1192
1193	MOL005173	1193
1194	MOL005180	1194
1195	MOL005190	1195
1196	MOL005206	1196
1197	MOL005229	1197
1198	MOL005235	1198
1199	MOL005244	1199
1200	MOL005274	1200
1201	MOL005278	1201
1202	MOL005293	1202
1203	MOL005321	1203
1204	MOL005322	1204
1205	MOL005366	1205
1206	MOL005367	1206
1207	MOL005384	1207
1208	MOL005386	1208
1209	MOL005391	1209
1210	MOL005394	1210
1211	MOL005402	1211
1212	MOL005423	1212
1213	MOL005425	1213
1214	MOL005448	1214
1215	MOL005449	1215
1216	MOL005481	1216
1217	MOL005515	1217
1218	MOL005528	1218
1219	MOL005530	1219
1220	MOL005563	1220
1221	MOL005573	1221
1222	MOL005588	1222
1223	MOL005612	1223
1224	MOL005707	1224
1225	MOL005723	1225
1226	MOL005726	1226
1227	MOL005727	1227
1228	MOL005734	1228
1229	MOL005786	1229
1230	MOL005789	1230
1231	MOL005790	1231
1232	MOL005792	1232
1233	MOL005793	1233
1234	MOL005795	1234
1235	MOL005800	1235
1236	MOL005802	1236
1237	MOL005803	1237
1238	MOL005806	1238
1239	MOL005807	1239
1240	MOL005811	1240
1241	MOL005814	1241
1242	MOL005815	1242
1243	MOL005816	1243
1244	MOL005817	1244
1245	MOL005818	1245
1246	MOL005821	1246
1247	MOL005823	1247
1248	MOL005828	1248
1249	MOL005835	1249
1250	MOL005836	1250
1251	MOL005840	1251
1252	MOL005842	1252
1253	MOL005849	1253
1254	MOL005885	1254
1255	MOL005886	1255
1256	MOL005888	1256
1257	MOL005889	1257
1258	MOL005892	1258
1259	MOL005893	1259
1260	MOL005894	1260
1261	MOL005895	1261
1262	MOL005896	1262
1263	MOL005897	1263
1264	MOL005899	1264
1265	MOL005901	1265
1266	MOL005902	1266
1267	MOL005903	1267
1268	MOL005905	1268
1269	MOL005907	1269
1270	MOL005908	1270
1271	MOL005909	1271
1272	MOL005910	1272
1273	MOL005911	1273
1274	MOL005912	1274
1275	MOL005914	1275
1276	MOL005915	1276
1277	MOL005916	1277
1278	MOL005918	1278
1279	MOL005921	1279
1280	MOL005924	1280
1281	MOL005927	1281
1282	MOL005928	1282
1283	MOL005932	1283
1284	MOL005934	1284
1285	MOL005955	1285
1286	MOL005956	1286
1287	MOL005957	1287
1288	MOL005959	1288
1289	MOL005961	1289
1290	MOL005964	1290
1291	MOL005965	1291
1292	MOL005966	1292
1293	MOL005968	1293
1294	MOL005970	1294
1295	MOL005972	1295
1296	MOL005980	1296
1297	MOL005991	1297
1298	MOL005992	1298
1299	MOL006003	1299
1300	MOL006006	1300
1301	MOL006039	1301
1302	MOL006047	1302
1303	MOL006071	1303
1304	MOL006077	1304
1305	MOL006121	1305
1306	MOL006123	1306
1307	MOL006126	1307
1308	MOL006129	1308
1309	MOL006147	1309
1310	MOL006157	1310
1311	MOL006179	1311
1312	MOL006189	1312
1313	MOL006192	1313
1314	MOL006194	1314
1315	MOL006195	1315
1316	MOL006196	1316
1317	MOL006197	1317
1318	MOL006198	1318
1319	MOL006202	1319
1320	MOL006209	1320
1321	MOL006210	1321
1322	MOL006211	1322
1323	MOL006212	1323
1324	MOL006214	1324
1325	MOL006218	1325
1326	MOL006221	1326
1327	MOL006227	1327
1328	MOL006233	1328
1329	MOL006234	1329
1330	MOL006235	1330
1331	MOL006239	1331
1332	MOL006240	1332
1333	MOL006243	1333
1334	MOL006244	1334
1335	MOL006246	1335
1336	MOL006248	1336
1337	MOL006258	1337
1338	MOL006259	1338
1339	MOL006260	1339
1340	MOL006267	1340
1341	MOL006268	1341
1342	MOL006273	1342
1343	MOL006274	1343
1344	MOL006287	1344
1345	MOL006288	1345
1346	MOL006292	1346
1347	MOL006312	1347
1348	MOL006370	1348
1349	MOL006387	1349
1350	MOL006451	1350
1351	MOL006453	1351
1352	MOL006457	1352
1353	MOL006461	1353
1354	MOL006462	1354
1355	MOL006463	1355
1356	MOL006468	1356
1357	MOL006469	1357
1358	MOL006471	1358
1359	MOL006472	1359
1360	MOL006473	1360
1361	MOL006475	1361
1362	MOL006481	1362
1363	MOL006482	1363
1364	MOL006486	1364
1365	MOL006488	1365
1366	MOL006489	1366
1367	MOL006505	1367
1368	MOL006574	1368
1369	MOL006581	1369
1370	MOL006585	1370
1371	MOL006589	1371
1372	MOL006591	1372
1373	MOL006592	1373
1374	MOL006594	1374
1375	MOL006595	1375
1376	MOL006596	1376
1377	MOL006597	1377
1378	MOL006599	1378
1379	MOL006600	1379
1380	MOL006602	1380
1381	MOL006603	1381
1382	MOL006604	1382
1383	MOL006605	1383
1384	MOL006606	1384
1385	MOL006607	1385
1386	MOL006608	1386
1387	MOL006609	1387
1388	MOL006611	1388
1389	MOL006612	1389
1390	MOL006613	1390
1391	MOL006614	1391
1392	MOL006616	1392
1393	MOL006617	1393
1394	MOL006618	1394
1395	MOL006620	1395
1396	MOL006621	1396
1397	MOL006623	1397
1398	MOL006625	1398
1399	MOL006626	1399
1400	MOL006628	1400
1401	MOL006630	1401
1402	MOL006631	1402
1403	MOL006632	1403
1404	MOL006637	1404
1405	MOL006638	1405
1406	MOL006640	1406
1407	MOL006641	1407
1408	MOL006647	1408
1409	MOL006651	1409
1410	MOL006653	1410
1411	MOL006663	1411
1412	MOL006666	1412
1413	MOL006669	1413
1414	MOL006670	1414
1415	MOL006677	1415
1416	MOL006682	1416
1417	MOL006709	1417
1418	MOL006760	1418
1419	MOL006762	1419
1420	MOL006765	1420
1421	MOL006767	1421
1422	MOL006821	1422
1423	MOL006844	1423
1424	MOL006919	1424
1425	MOL006931	1425
1426	MOL006932	1426
1427	MOL006936	1427
1428	MOL006938	1428
1429	MOL006940	1429
1430	MOL006944	1430
1431	MOL006951	1431
1432	MOL006952	1432
1433	MOL006957	1433
1434	MOL006958	1434
1435	MOL006962	1435
1436	MOL006963	1436
1437	MOL006967	1437
1438	MOL006985	1438
1439	MOL006991	1439
1440	MOL006992	1440
1441	MOL006997	1441
1442	MOL007001	1442
1443	MOL007027	1443
1444	MOL007029	1444
1445	MOL007031	1445
1446	MOL007035	1446
1447	MOL007036	1447
1448	MOL007037	1448
1449	MOL007038	1449
1450	MOL007040	1450
1451	MOL007041	1451
1452	MOL007045	1452
1453	MOL007046	1453
1454	MOL007047	1454
1455	MOL007048	1455
1456	MOL007049	1456
1457	MOL007050	1457
1458	MOL007053	1458
1459	MOL007054	1459
1460	MOL007058	1460
1461	MOL007059	1461
1462	MOL007061	1462
1463	MOL007064	1463
1464	MOL007065	1464
1465	MOL007066	1465
1466	MOL007067	1466
1467	MOL007068	1467
1468	MOL007069	1468
1469	MOL007070	1469
1470	MOL007071	1470
1471	MOL007072	1471
1472	MOL007073	1472
1473	MOL007077	1473
1474	MOL007079	1474
1475	MOL007080	1475
1476	MOL007081	1476
1477	MOL007082	1477
1478	MOL007083	1478
1479	MOL007085	1479
1480	MOL007087	1480
1481	MOL007088	1481
1482	MOL007090	1482
1483	MOL007091	1483
1484	MOL007093	1484
1485	MOL007094	1485
1486	MOL007095	1486
1487	MOL007098	1487
1488	MOL007099	1488
1489	MOL007100	1489
1490	MOL007101	1490
1491	MOL007102	1491
1492	MOL007105	1492
1493	MOL007106	1493
1494	MOL007107	1494
1495	MOL007108	1495
1496	MOL007110	1496
1497	MOL007111	1497
1498	MOL007112	1498
1499	MOL007115	1499
1500	MOL007116	1500
1501	MOL007117	1501
1502	MOL007119	1502
1503	MOL007120	1503
1504	MOL007121	1504
1505	MOL007122	1505
1506	MOL007123	1506
1507	MOL007124	1507
1508	MOL007125	1508
1509	MOL007126	1509
1510	MOL007127	1510
1511	MOL007129	1511
1512	MOL007130	1512
1513	MOL007131	1513
1514	MOL007132	1514
1515	MOL007133	1515
1516	MOL007134	1516
1517	MOL007135	1517
1518	MOL007138	1518
1519	MOL007141	1519
1520	MOL007143	1520
1521	MOL007145	1521
1522	MOL007148	1522
1523	MOL007150	1523
1524	MOL007151	1524
1525	MOL007152	1525
1526	MOL007153	1526
1527	MOL007154	1527
1528	MOL007155	1528
1529	MOL007156	1529
1530	MOL007157	1530
1531	MOL007160	1531
1532	MOL007168	1532
1533	MOL007169	1533
1534	MOL007173	1534
1535	MOL007176	1535
1536	MOL007179	1536
1537	MOL007181	1537
1538	MOL007183	1538
1539	MOL007184	1539
1540	MOL007197	1540
1541	MOL007233	1541
1542	MOL007243	1542
1543	MOL007262	1543
1544	MOL007270	1544
1545	MOL007272	1545
1546	MOL007274	1546
1547	MOL007283	1547
1548	MOL007358	1548
1549	MOL007390	1549
1550	MOL007391	1550
1551	MOL007392	1551
1552	MOL007395	1552
1553	MOL007401	1553
1554	MOL007402	1554
1555	MOL007404	1555
1556	MOL007405	1556
1557	MOL007407	1557
1558	MOL007408	1558
1559	MOL007411	1559
1560	MOL007412	1560
1561	MOL007415	1561
1562	MOL007416	1562
1563	MOL007417	1563
1564	MOL007419	1564
1565	MOL007420	1565
1566	MOL007421	1566
1567	MOL007423	1567
1568	MOL007428	1568
1569	MOL007431	1569
1570	MOL007433	1570
1571	MOL007440	1571
1572	MOL007442	1572
1573	MOL007444	1573
1574	MOL007447	1574
1575	MOL007448	1575
1576	MOL007512	1576
1577	MOL007514	1577
1578	MOL007515	1578
1579	MOL007516	1579
1580	MOL007520	1580
1581	MOL007521	1581
1582	MOL007522	1582
1583	MOL007528	1583
1584	MOL007532	1584
1585	MOL007534	1585
1586	MOL007538	1586
1587	MOL007540	1587
1588	MOL007541	1588
1589	MOL007544	1589
1590	MOL007545	1590
1591	MOL007548	1591
1592	MOL007549	1592
1593	MOL007550	1593
1594	MOL007551	1594
1595	MOL007553	1595
1596	MOL007556	1596
1597	MOL007561	1597
1598	MOL007563	1598
1599	MOL007577	1599
1600	MOL007662	1600
1601	MOL007672	1601
1602	MOL007714	1602
1603	MOL007715	1603
1604	MOL007716	1604
1605	MOL007717	1605
1606	MOL007719	1606
1607	MOL007720	1607
1608	MOL007722	1608
1609	MOL007723	1609
1610	MOL007724	1610
1611	MOL007727	1611
1612	MOL007728	1612
1613	MOL007729	1613
1614	MOL007730	1614
1615	MOL007731	1615
1616	MOL007732	1616
1617	MOL007734	1617
1618	MOL007736	1618
1619	MOL007737	1619
1620	MOL007738	1620
1621	MOL007739	1621
1622	MOL007740	1622
1623	MOL007770	1623
1624	MOL007879	1624
1625	MOL007914	1625
1626	MOL007930	1626
1627	MOL007948	1627
1628	MOL007956	1628
1629	MOL007979	1629
1630	MOL008035	1630
1631	MOL008120	1631
1632	MOL008121	1632
1633	MOL008150	1633
1634	MOL008151	1634
1635	MOL008153	1635
1636	MOL008168	1636
1637	MOL008170	1637
1638	MOL008175	1638
1639	MOL008177	1639
1640	MOL008178	1640
1641	MOL008181	1641
1642	MOL008182	1642
1643	MOL008184	1643
1644	MOL008187	1644
1645	MOL008191	1645
1646	MOL008192	1646
1647	MOL008193	1647
1648	MOL008195	1648
1649	MOL008196	1649
1650	MOL008197	1650
1651	MOL008199	1651
1652	MOL008200	1652
1653	MOL008284	1653
1654	MOL008288	1654
1655	MOL008375	1655
1656	MOL008378	1656
1657	MOL008380	1657
1658	MOL008382	1658
1659	MOL008387	1659
1660	MOL008390	1660
1661	MOL008395	1661
1662	MOL008396	1662
1663	MOL008398	1663
1664	MOL008400	1664
1665	MOL008404	1665
1666	MOL008405	1666
1667	MOL008409	1667
1668	MOL008410	1668
1669	MOL008437	1669
1670	MOL008594	1670
1671	MOL008601	1671
1672	MOL008678	1672
1673	MOL008680	1673
1674	MOL008904	1674
1675	MOL008908	1675
1676	MOL008912	1676
1677	MOL008931	1677
1678	MOL008932	1678
1679	MOL008933	1679
1680	MOL008934	1680
1681	MOL008935	1681
1682	MOL008939	1682
1683	MOL008940	1683
1684	MOL008941	1684
1685	MOL008942	1685
1686	MOL008943	1686
1687	MOL008944	1687
1688	MOL008945	1688
1689	MOL008946	1689
1690	MOL008948	1690
1691	MOL008950	1691
1692	MOL008952	1692
1693	MOL008954	1693
1694	MOL008955	1694
1695	MOL008957	1695
1696	MOL008960	1696
1697	MOL008961	1697
1698	MOL008962	1698
1699	MOL008963	1699
1700	MOL008964	1700
1701	MOL008965	1701
1702	MOL008966	1702
1703	MOL008968	1703
1704	MOL008969	1704
1705	MOL008971	1705
1706	MOL008975	1706
1707	MOL008976	1707
1708	MOL008977	1708
1709	MOL008978	1709
1710	MOL008979	1710
1711	MOL008980	1711
1712	MOL008982	1712
1713	MOL008984	1713
1714	MOL008985	1714
1715	MOL008987	1715
1716	MOL008988	1716
1717	MOL008989	1717
1718	MOL008990	1718
1719	MOL008991	1719
1720	MOL008992	1720
1721	MOL008993	1721
1722	MOL009005	1722
1723	MOL009009	1723
1724	MOL009015	1724
1725	MOL009018	1725
1726	MOL009019	1726
1727	MOL009021	1727
1728	MOL009023	1728
1729	MOL009025	1729
1730	MOL009029	1730
1731	MOL009031	1731
1732	MOL009032	1732
1733	MOL009034	1733
1734	MOL009039	1734
1735	MOL009040	1735
1736	MOL009041	1736
1737	MOL009044	1737
1738	MOL009046	1738
1739	MOL009047	1739
1740	MOL009048	1740
1741	MOL009051	1741
1742	MOL009052	1742
1743	MOL009053	1743
1744	MOL009055	1744
1745	MOL009072	1745
1746	MOL009238	1746
1747	MOL009302	1747
1748	MOL009305	1748
1749	MOL009306	1749
1750	MOL009308	1750
1751	MOL009310	1751
1752	MOL009333	1752
1753	MOL009362	1753
1754	MOL009363	1754
1755	MOL009364	1755
1756	MOL009366	1756
1757	MOL009368	1757
1758	MOL009370	1758
1759	MOL009371	1759
1760	MOL009374	1760
1761	MOL009376	1761
1762	MOL009377	1762
1763	MOL009378	1763
1764	MOL009379	1764
1765	MOL009380	1765
1766	MOL009381	1766
1767	MOL009382	1767
1768	MOL009383	1768
1769	MOL009384	1769
1770	MOL009386	1770
1771	MOL009387	1771
1772	MOL009389	1772
1773	MOL009390	1773
1774	MOL009391	1774
1775	MOL009394	1775
1776	MOL009396	1776
1777	MOL009397	1777
1778	MOL009402	1778
1779	MOL009403	1779
1780	MOL009404	1780
1781	MOL009406	1781
1782	MOL009412	1782
1783	MOL009414	1783
1784	MOL009416	1784
1785	MOL009422	1785
1786	MOL009430	1786
1787	MOL009432	1787
1788	MOL009433	1788
1789	MOL009434	1789
1790	MOL009437	1790
1791	MOL009442	1791
1792	MOL009444	1792
1793	MOL009456	1793
1794	MOL009489	1794
1795	MOL009491	1795
1796	MOL009495	1796
1797	MOL009496	1797
1798	MOL009497	1798
1799	MOL009498	1799
1800	MOL009500	1800
1801	MOL009504	1801
1802	MOL009505	1802
1803	MOL009506	1803
1804	MOL009507	1804
1805	MOL009508	1805
1806	MOL009511	1806
1807	MOL009513	1807
1808	MOL009514	1808
1809	MOL009519	1809
1810	MOL009527	1810
1811	MOL009530	1811
1812	MOL009531	1812
1813	MOL009533	1813
1814	MOL009536	1814
1815	MOL009537	1815
1816	MOL009538	1816
1817	MOL009539	1817
1818	MOL009544	1818
1819	MOL009548	1819
1820	MOL009549	1820
1821	MOL009551	1821
1822	MOL009556	1822
1823	MOL009559	1823
1824	MOL009562	1824
1825	MOL009563	1825
1826	MOL009568	1826
1827	MOL009577	1827
1828	MOL009578	1828
1829	MOL009581	1829
1830	MOL009589	1830
1831	MOL009594	1831
1832	MOL009596	1832
1833	MOL009720	1833
1834	MOL009831	1834
1835	MOL009849	1835
1836	MOL009999	1836
1837	MOL010000	1837
1838	MOL010001	1838
1839	MOL010003	1839
1840	MOL010004	1840
1841	MOL010008	1841
1842	MOL010010	1842
1843	MOL010011	1843
1844	MOL010013	1844
1845	MOL010014	1845
1846	MOL010023	1846
1847	MOL010026	1847
1848	MOL010028	1848
1849	MOL010032	1849
1850	MOL010034	1850
1851	MOL010036	1851
1852	MOL010037	1852
1853	MOL010044	1853
1854	MOL010051	1854
1855	MOL010052	1855
1856	MOL010053	1856
1857	MOL010054	1857
1858	MOL010055	1858
1859	MOL010058	1859
1860	MOL010115	1860
1861	MOL010123	1861
1862	MOL010168	1862
1863	MOL010245	1863
1864	MOL010429	1864
1865	MOL010430	1865
1866	MOL010431	1866
1867	MOL010434	1867
1868	MOL010435	1868
1869	MOL010437	1869
1870	MOL010464	1870
1871	MOL010467	1871
1872	MOL010468	1872
1873	MOL010469	1873
1874	MOL010470	1874
1875	MOL010480	1875
1876	MOL010511	1876
1877	MOL010536	1877
1878	MOL010557	1878
1879	MOL010813	1879
1880	MOL010814	1880
1881	MOL010815	1881
1882	MOL010817	1882
1883	MOL010818	1883
1884	MOL010819	1884
1885	MOL010821	1885
1886	MOL010823	1886
1887	MOL010824	1887
1888	MOL010826	1888
1889	MOL010828	1889
1890	MOL010830	1890
1891	MOL010831	1891
1892	MOL010832	1892
1893	MOL010833	1893
1894	MOL010834	1894
1895	MOL010836	1895
1896	MOL010837	1896
1897	MOL010838	1897
1898	MOL010841	1898
1899	MOL010842	1899
1900	MOL010843	1900
1901	MOL010844	1901
1902	MOL010874	1902
1903	MOL010904	1903
1904	MOL010905	1904
1905	MOL010906	1905
1906	MOL010907	1906
1907	MOL010908	1907
1908	MOL010912	1908
1909	MOL010915	1909
1910	MOL010916	1910
1911	MOL010917	1911
1912	MOL010918	1912
1913	MOL010919	1913
1914	MOL010921	1914
1915	MOL010922	1915
1916	MOL010925	1916
1917	MOL010927	1917
1918	MOL010930	1918
1919	MOL010931	1919
1920	MOL010932	1920
1921	MOL011038	1921
1922	MOL011039	1922
1923	MOL011041	1923
1924	MOL011045	1924
1925	MOL011056	1925
1926	MOL011064	1926
1927	MOL011070	1927
1928	MOL011071	1928
1929	MOL011072	1929
1930	MOL011320	1930
1931	MOL011387	1931
1932	MOL011611	1932
1933	MOL011613	1933
1934	MOL011680	1934
1935	MOL011684	1935
1936	MOL011730	1936
1937	MOL011731	1937
1938	MOL011732	1938
1939	MOL011735	1939
1940	MOL011736	1940
1941	MOL011737	1941
1942	MOL011739	1942
1943	MOL011740	1943
1944	MOL011747	1944
1945	MOL011748	1945
1946	MOL011749	1946
1947	MOL011753	1947
1948	MOL011756	1948
1949	MOL011815	1949
1950	MOL011816	1950
1951	MOL011817	1951
1952	MOL011826	1952
1953	MOL011843	1953
1954	MOL011848	1954
1955	MOL011849	1955
1956	MOL011865	1956
1957	MOL011871	1957
1958	MOL011872	1958
1959	MOL011874	1959
1960	MOL011876	1960
1961	MOL011877	1961
1962	MOL011960	1962
1963	MOL011963	1963
1964	MOL011969	1964
1965	MOL011971	1965
1966	MOL011974	1966
1967	MOL011975	1967
1968	MOL011980	1968
1969	MOL011981	1969
1970	MOL011982	1970
1971	MOL012019	1971
1972	MOL012027	1972
1973	MOL012052	1973
1974	MOL012053	1974
1975	MOL012076	1975
1976	MOL012077	1976
1977	MOL012078	1977
1978	MOL012082	1978
1979	MOL012106	1979
1980	MOL012114	1980
1981	MOL012116	1981
1982	MOL012140	1982
1983	MOL012141	1983
1984	MOL012142	1984
1985	MOL012145	1985
1986	MOL012284	1986
1987	MOL012286	1987
1988	MOL012289	1988
1989	MOL012290	1989
1990	MOL012294	1990
1991	MOL012297	1991
1992	MOL012305	1992
1993	MOL012400	1993
1994	MOL012546	1994
1995	MOL012548	1995
1996	MOL012551	1996
1997	MOL012553	1997
1998	MOL012569	1998
1999	MOL012577	1999
2000	MOL012578	2000
2001	MOL012579	2001
2002	MOL012581	2002
2003	MOL012582	2003
2004	MOL012583	2004
2005	MOL012584	2005
2006	MOL012588	2006
2007	MOL012589	2007
2008	MOL012591	2008
2009	MOL012594	2009
2010	MOL012607	2010
2011	MOL012609	2011
2012	MOL012618	2012
2013	MOL012623	2013
2014	MOL012644	2014
2015	MOL012681	2015
2016	MOL012682	2016
2017	MOL012683	2017
2018	MOL012686	2018
2019	MOL012688	2019
2020	MOL012689	2020
2021	MOL012690	2021
2022	MOL012691	2022
2023	MOL012693	2023
2024	MOL012694	2024
2025	MOL012705	2025
2026	MOL012706	2026
2027	MOL012707	2027
2028	MOL012710	2028
2029	MOL012714	2029
2030	MOL012715	2030
2031	MOL012719	2031
2032	MOL012724	2032
2033	MOL012729	2033
2034	MOL012735	2034
2035	MOL012737	2035
2036	MOL012739	2036
2037	MOL012740	2037
2038	MOL012744	2038
2039	MOL012745	2039
2040	MOL012746	2040
2041	MOL012747	2041
2042	MOL012753	2042
2043	MOL012755	2043
2044	MOL012756	2044
2045	MOL012758	2045
2046	MOL012760	2046
2047	MOL012761	2047
2048	MOL012794	2048
2049	MOL012862	2049
2050	MOL012863	2050
2051	MOL012865	2051
2052	MOL012866	2052
2053	MOL012875	2053
2054	MOL012880	2054
2055	MOL012883	2055
2056	MOL012889	2056
2057	MOL012893	2057
2058	MOL012896	2058
2059	MOL012900	2059
2060	MOL012924	2060
2061	MOL012926	2061
2062	MOL012927	2062
2063	MOL012932	2063
2064	MOL012933	2064
2065	MOL012937	2065
2066	MOL013074	2066
2067	MOL013075	2067
2068	MOL013076	2068
2069	MOL013077	2069
2070	MOL013078	2070
2071	MOL013079	2071
2072	MOL013080	2072
2073	MOL013081	2073
2074	MOL013082	2074
2075	MOL013083	2075
2076	MOL013084	2076
2077	MOL013085	2077
2078	MOL013086	2078
2079	MOL013087	2079
2080	MOL013090	2080
2081	MOL013091	2081
2082	MOL013092	2082
2083	MOL013094	2083
2084	MOL013096	2084
2085	MOL013097	2085
2086	MOL013098	2086
2087	MOL013099	2087
2088	MOL013103	2088
2089	MOL013105	2089
2090	MOL013107	2090
2091	MOL013187	2091
2092	MOL013215	2092
2093	MOL013216	2093
2094	MOL013219	2094
2095	MOL013221	2095
2096	MOL013227	2096
2097	MOL013228	2097
2098	MOL013229	2098
2099	MOL013232	2099
2100	MOL013277	2100
2101	MOL013278	2101
2102	MOL013279	2102
2103	MOL013331	2103
2104	MOL013332	2104
2105	MOL013381	2105
2106	MOL013382	2106
2107	MOL013430	2107
2108	MOL013434	2108
2109	MOL013435	2109
2110	MOL013436	2110
2111	MOL013437	2111
2112	MOL013439	2112
2113	MOL013441	2113
